filename,search_term,image_url
image_0_france_3.png,france 3,https://encrypted-tbn0.gstatic.com/images?q=tbn:ANd9GcRVfioOssot9A7gSD2FKIYfE5SznC09xMvHcj90TGnLn5sMtwQMbMt4DC_-kgQ&s
image_1_france_3.png,france 3,https://encrypted-tbn0.gstatic.com/images?q=tbn:ANd9GcSL6lTBcCdHDXyNvlAMJH_bkUZwmbxPgJO5-Rm6oJbV3InOSXR4KMDbY-K1vWs&s
image_2_france_3.png,france 3,https://encrypted-tbn0.gstatic.com/images?q=tbn:ANd9GcStZhkHXrOOFrYcuEbUyozxOUOM2nqMsDTctQuKd3FrR_dlEUttkfw29zJj9eQ&s
image_3_france_3.png,france 3,https://encrypted-tbn0.gstatic.com/images?q=tbn:ANd9GcSGF4_vqiggy5_bHe4PQoKP9yQPwRrGDc0soBRkC09yuvMRZ3PjsoGOggfqPY8&s
image_4_france_3.png,france 3,https://encrypted-tbn0.gstatic.com/images?q=tbn:ANd9GcQGBO8Vn7BnRhoLmlZlp9-356vMTe8qkZCXF2H4UVLwcPd4D7P9emimWpBKwA&s
image_5_france_3.png,france 3,https://encrypted-tbn0.gstatic.com/images?q=tbn:ANd9GcTSP91pq-0tgHzHxExn9wSHyKUOLVlx-3c6Lm5mdutlGguSzbjOp8L3AChc89U&s
image_6_france_3.png,france 3,https://encrypted-tbn0.gstatic.com/images?q=tbn:ANd9GcS8CpQ89Cm3ZrMDgTOpg6s5wM69wwP5nwBI9eJF2qK3GttzO3jRbgUKMwEJLTk&s
image_7_france_3.png,france 3,https://encrypted-tbn0.gstatic.com/images?q=tbn:ANd9GcRhOCKA-Hs7KYv-DS0p7k6Wt_E-J8Q9RkGy1d6efno1AHFn0AAvntqumKUI3-g&s
image_8_france_3.png,france 3,https://encrypted-tbn0.gstatic.com/images?q=tbn:ANd9GcT3On0z5j5BAqNNggOGDhCtqnliRp4fbVEBETwnNOQpwaQHgVZWvhB2iXTDV1s&s
image_9_france_3.png,france 3,https://encrypted-tbn0.gstatic.com/images?q=tbn:ANd9GcSlAkI2ZFEuDPzNdacEcNR2yZrP9mwYJIjO31eUzbBLTeXdjRK92LmRTQrQjA&s
image_10_france_3.png,france 3,https://encrypted-tbn0.gstatic.com/images?q=tbn:ANd9GcSf_CHrWqFwaWU4KTHgUakNodQh_voKhJ-u7dt7zg7OrUboBoJ_UQqkO8hmQA&s
image_11_france_3.png,france 3,https://encrypted-tbn0.gstatic.com/images?q=tbn:ANd9GcT7XBsr6RCZZYK_8mPXngVL2GBXl0F6k8i4iK7rjv8ADc_UBDFZ-szjeNH6sHo&s
image_12_france_3.png,france 3,https://encrypted-tbn0.gstatic.com/images?q=tbn:ANd9GcQYE_Zddn6Vn6Vqhhz8189qFgYK_N9qE8yCgPdXKCdolTcywsgymgszB3mIz30&s
image_13_france_3.png,france 3,https://encrypted-tbn0.gstatic.com/images?q=tbn:ANd9GcS65FRYjqIESVWRxHfJ04z9cN3CjZK0W9mX7Id1xLismkzjGo2r1u0acuVn0og&s
image_14_france_3.png,france 3,https://encrypted-tbn0.gstatic.com/images?q=tbn:ANd9GcQ3VwwkdRCR5uvor10G2OrK_AefzQojQyHD6yt7SJCFtOmjos-1MeGRBKl0bQ&s
image_15_france_3.png,france 3,https://encrypted-tbn0.gstatic.com/images?q=tbn:ANd9GcRXHDMOiJEF3nE0KTcvMSAvzmGX09BQgilKbr-sgh0Nizvb6-ozz_N4pcg4mQ&s
image_16_france_3.png,france 3,https://encrypted-tbn0.gstatic.com/images?q=tbn:ANd9GcQQgF6e3wcIJj_jzKQvJAEAP31AuLJCasSqqjsEQh3CTkHK64c5zxQ6Pt3Zjuo&s
image_17_france_3.png,france 3,https://encrypted-tbn0.gstatic.com/images?q=tbn:ANd9GcRdCCS7DbBhrMnp2Nt4_GbOpo6CkPGffjeChduFDVCibj58WNt31E_MTDiTRlc&s
image_18_france_3.png,france 3,https://encrypted-tbn0.gstatic.com/images?q=tbn:ANd9GcR21IXPasuj1Qae5sMbIYUFocroTH7mVw-2cNQaYfHL2IZZuwg980RUsuABCg&s
image_19_france_3.png,france 3,https://encrypted-tbn0.gstatic.com/images?q=tbn:ANd9GcQ4sfa4bJ54NuwcDCQeRDpBSWcTfw5Sn_C76rfxPE7347Z85QN3OJrWS_3jmw&s
image_20_tmc.png,tmc,https://encrypted-tbn0.gstatic.com/images?q=tbn:ANd9GcQqCJxbNvPqHW7ixqluHhmuU7XpDyxLu7gjyKphw3yxi1HqHzNFWg2wJACfNEw&s
image_21_tmc.png,tmc,https://encrypted-tbn0.gstatic.com/images?q=tbn:ANd9GcTEai9MmeSl_QFM5R3mjGchc0nEa4MmDxnnzjbhvUz0y71teewppPKyM8Y3sA&s
image_22_tmc.png,tmc,https://encrypted-tbn0.gstatic.com/images?q=tbn:ANd9GcR0hTpjGWa_TzdItHSJy7TD96XoPKOQgfPo1fwmARD7xBcaPgE9ETGjxYxrVA&s
image_23_tmc.png,tmc,https://encrypted-tbn0.gstatic.com/images?q=tbn:ANd9GcQI91puIhmUK-_lB7d7llTU3gH4gMEZh9yBbQi8g2mMq8YfcHdkImgvX4RXMw&s
image_24_tmc.png,tmc,https://encrypted-tbn0.gstatic.com/images?q=tbn:ANd9GcTJW2a_DlEwoEc-0xf0ysDFOJdaBWQtOkKBP-Z3P4TpvqUsITMu5J-8Kpe2Rg&s
image_25_tmc.png,tmc,https://encrypted-tbn0.gstatic.com/images?q=tbn:ANd9GcQAzs6wQr8Y2VMnIihd13VpmaQPlQebkE6E75Tmfktg0sMj2c6QC-p-JQYuFw&s
image_26_tmc.png,tmc,https://encrypted-tbn0.gstatic.com/images?q=tbn:ANd9GcQ6NdvTspFDyLivXDo68UjePB8053VymZ4O2_5uPta13SFLmvlJQAF5sKoRBQ&s
image_27_tmc.png,tmc,https://encrypted-tbn0.gstatic.com/images?q=tbn:ANd9GcRaDurAoFvpoy6Ya1OYsjm5fGedeO6g2SM58_MTWkdwdA1Mx9G4_fdtKRTLBnA&s
image_28_tmc.png,tmc,https://encrypted-tbn0.gstatic.com/images?q=tbn:ANd9GcSHyuhdoeF9J3f0umxrqtsrhvKZwudvw0noOuVJ1FDQxR9RMiSUA55K2a-5Cg&s
image_29_tmc.png,tmc,https://encrypted-tbn0.gstatic.com/images?q=tbn:ANd9GcQiVQZp2Z_sSt0jsdW00vbrFrc64bA93nNTuhBzhrfG1lXx3D5PxtSeXKyl9A&s
image_30_tmc.png,tmc,https://encrypted-tbn0.gstatic.com/images?q=tbn:ANd9GcTDzkNEdrXBILHpwVXum8Pg9KtwIoiT0XvpCZ7DfUi1ZP6DGHIsAExbJm8bJQ&s
image_31_tmc.png,tmc,https://encrypted-tbn0.gstatic.com/images?q=tbn:ANd9GcRbomz0igOW4bLHE6O7aEjSM2C-zD6e0dHDNPDgC_NP6gyIl4iH76H9Bt0ALH4&s
image_32_tmc.png,tmc,https://encrypted-tbn0.gstatic.com/images?q=tbn:ANd9GcQUAADQOGiq2toVskbpkn3ri5H6NiOvyQzvKlkzSZjOXHJGXpr2odWEH-G3gVM&s
image_33_tmc.png,tmc,https://encrypted-tbn0.gstatic.com/images?q=tbn:ANd9GcTTDMX5F21uBP32KvB-pXhappiUHSXcZjDCHQLsJqQvWq2vJ_wO_BgAN4oOfA&s
image_34_tmc.png,tmc,https://encrypted-tbn0.gstatic.com/images?q=tbn:ANd9GcRITDkJ2e3IwlpoEh7Q9IC_4G9BPMv98q41wYceur93BMBLB9WBenFCdx-kKsk&s
image_35_tmc.png,tmc,https://encrypted-tbn0.gstatic.com/images?q=tbn:ANd9GcT_XxZZSvY4_wGoK8idLquSTaDtnjnRot4Devz7vHoF_1HqedaTrWNxtyDH-A&s
image_36_tmc.png,tmc,https://encrypted-tbn0.gstatic.com/images?q=tbn:ANd9GcSMdJz3inp32zgW7jhy5svvGqlJyS03t0IXc99lvIKiLDGopsUhuI6GbZRKHcg&s
image_37_tmc.png,tmc,https://encrypted-tbn0.gstatic.com/images?q=tbn:ANd9GcQLul-sCsB2S-tIY8-OLoJG4iKwJlfU92Lqy3pj5SyLdM3yFKfCarT1f2bwQQ&s
image_38_tmc.png,tmc,https://encrypted-tbn0.gstatic.com/images?q=tbn:ANd9GcTf4K4asA3qyXZGvfT2wpz_uvMmZeg5f4KeTdpf2S_-rQVs-kPFJ8CEMmRA6Q&s
image_39_tmc.png,tmc,https://encrypted-tbn0.gstatic.com/images?q=tbn:ANd9GcSyKIjk5hbgc-8ITMg7_ZzUhq7j71piOacfsNCbLZaqy5msm82ZrTQSGBy18Q&s
image_40_france_4.png,france 4,https://encrypted-tbn0.gstatic.com/images?q=tbn:ANd9GcRvGXbfXdGOKMp1oQtadc8ZKLJprNC7Uka6iiUAWJUQ2TwxFV_p2FXMbK_MQG8&s
image_41_france_4.png,france 4,https://encrypted-tbn0.gstatic.com/images?q=tbn:ANd9GcQF6vgYMj4DPf5kDJSaNXhN9eRCeIq-NNrDwpHDTrbgs--GYRT4R8VdcbCbXJw&s
image_42_france_4.png,france 4,https://encrypted-tbn0.gstatic.com/images?q=tbn:ANd9GcQ8D8hHa8tQzvCzrieu8ozDp__dYDN4slllfTkTPqRh9eKmoK9g9ECfY_WRE_M&s
image_43_france_4.png,france 4,https://encrypted-tbn0.gstatic.com/images?q=tbn:ANd9GcTjqxQeca2-WW5izCH6DSvNot1Y6FOyJpZoYWfkaj_6yYikoFasLcjdAPr7E1U&s
image_44_france_4.png,france 4,https://encrypted-tbn0.gstatic.com/images?q=tbn:ANd9GcTIe0QggX58B8nQHjBZ-Y-dOwdr3m9NFtJn3bLeg2qL_9UAeRX_XRGcHSfBsA&s
image_45_france_4.png,france 4,https://encrypted-tbn0.gstatic.com/images?q=tbn:ANd9GcSwmPO6Rcq4UYgU0B71WCDxO92fbGFxC5gYiXBG-t3WOTpfl-ZK_RVfkam53g&s
image_46_france_4.png,france 4,https://encrypted-tbn0.gstatic.com/images?q=tbn:ANd9GcQrC81gNn3jBNr82c48Z306lMKklSb1Yt-Wp_rZZnmGXgkU2fzDvOehwQadAA&s
image_47_france_4.png,france 4,https://encrypted-tbn0.gstatic.com/images?q=tbn:ANd9GcScnHpSsnszUz1xtV1NdPKF2jckQ8Ylv-3kdV9birCJW8gM5kg1d6WkjxPLLw&s
image_48_france_4.png,france 4,https://encrypted-tbn0.gstatic.com/images?q=tbn:ANd9GcQLRRfrDSKFxzfX2r4Ne1s3BpSptahjB5x-YvfoT1hgpdsWkn1QjFX1bAAkOA&s
image_49_france_4.png,france 4,https://encrypted-tbn0.gstatic.com/images?q=tbn:ANd9GcRkUIVs5Octsd0DAw5k7dvcG8t_XZ9B09o0Wye8GUUepQXEewdqTtRZRhC3bQ&s
image_50_france_4.png,france 4,https://encrypted-tbn0.gstatic.com/images?q=tbn:ANd9GcRY4K6AonbrJwJ87M6D4yiFDk79VDKyBHqfyFCcc463iXPBqLL3F4ILr3QLBho&s
image_51_france_4.png,france 4,https://encrypted-tbn0.gstatic.com/images?q=tbn:ANd9GcRPCsM--TruHtYRh1hTqhLshRBdj4fcBwWFFdoUnQfSs04iqk91-0-5xZt6WA&s
image_52_france_4.png,france 4,https://encrypted-tbn0.gstatic.com/images?q=tbn:ANd9GcTprTvdxaWtRCb4Ql7KZnhi_Xa_zVtfraf6cACEfTz_HgLCZmwuZeqJ3MKZl9o&s
image_53_france_4.png,france 4,https://encrypted-tbn0.gstatic.com/images?q=tbn:ANd9GcTbGmxZ4yynFRFCygLmC8rKjAgj9dbUsQIrOh6ewoBY9eB-PLs1ZICHycvereY&s
image_54_france_4.png,france 4,https://encrypted-tbn0.gstatic.com/images?q=tbn:ANd9GcTJSrTXhqWeoGGyoUYXTsJNozpUaXpR6kIiuw25VPBECU7LPB6yEFTWfiPyWg&s
image_55_france_4.png,france 4,https://encrypted-tbn0.gstatic.com/images?q=tbn:ANd9GcR0TVu_cuDNgl_VohDNLH6S4lm8KgG38XZPyXhHTaBbNXrMAm7LXTJie-HCCKM&s
image_56_france_4.png,france 4,https://encrypted-tbn0.gstatic.com/images?q=tbn:ANd9GcSj5Iz-pkIUA886t428gU67RlrLNhtim_fl55COAjEJ09rZHHN84tDy4lt-GQ&s
image_57_france_4.png,france 4,https://encrypted-tbn0.gstatic.com/images?q=tbn:ANd9GcTBsn4XjlrNLHuhAm8Ka7LYOkjN9y5hhtdKXfqhFpFzd241tp7RgtiTkIyPnc4&s
image_58_france_4.png,france 4,https://encrypted-tbn0.gstatic.com/images?q=tbn:ANd9GcQ1emDdCosI1CYtiSONvdb7_JYyaFQkrN-8jE5h_L45Q6lbW8HwOyqQKhvdNw&s
image_59_france_4.png,france 4,https://encrypted-tbn0.gstatic.com/images?q=tbn:ANd9GcTUjgNuV1B2NoHz80uR3-4UMScKg8JhTHB8SbyNUF54SriaDcOrwh8lM7mZn8o&s
image_60_gulli.png,gulli,https://encrypted-tbn0.gstatic.com/images?q=tbn:ANd9GcRjnLdP5WlhfWs5G2Il9__AZp2DuxZ8le9YsuCxwfHbIQHg77WlaABu5W2u8g&s
image_61_gulli.png,gulli,https://encrypted-tbn0.gstatic.com/images?q=tbn:ANd9GcTWmgI_eKG56lnHSLs4F-SA9e3q_Gxen0GWoq2VjRGYKmWQxZvDuaM5uEXDIQ&s
image_62_gulli.png,gulli,https://encrypted-tbn0.gstatic.com/images?q=tbn:ANd9GcRdJEvIDkgUnL-b21LuPhZCp3Gum5AjKtVAGPctR5KzzcBJr671dfqSm04iWis&s
image_63_gulli.png,gulli,https://encrypted-tbn0.gstatic.com/images?q=tbn:ANd9GcS26DkSYtgmTRgjAGAcdLASM9eUv46C1cka5IFLV_kv8o-0LMUqbmWLs0QSRfw&s
image_64_gulli.png,gulli,https://encrypted-tbn0.gstatic.com/images?q=tbn:ANd9GcR7OEE8iL1_icNtVGd1kYaXRpDNE_HGgOWW49skaQ8n5X-RYOS7B3ZNi3rkvng&s
image_65_gulli.png,gulli,https://encrypted-tbn0.gstatic.com/images?q=tbn:ANd9GcRezWdEG9kS94GnYUrVCHLEcZoU-BNJ02LcPa1TRU1cwTNdUCNzbzkYwd4ho48&s
image_66_gulli.png,gulli,https://encrypted-tbn0.gstatic.com/images?q=tbn:ANd9GcRXVyV3ruX6kKx-DJ1KemraRhAwj_YR4qxliz6PsB5puzD2hlneoifzXo3ybX8&s
image_67_gulli.png,gulli,https://encrypted-tbn0.gstatic.com/images?q=tbn:ANd9GcSZncXzOi04ooFauD4Zf3-74ERNEDrRb5yfnNkTZwbj6l-GUBgZlmmm9cLVmaE&s
image_68_gulli.png,gulli,https://encrypted-tbn0.gstatic.com/images?q=tbn:ANd9GcRLdWmglSEeaCVyll0UUyCQV4aoIn9iBYBLOD5jAj09uo-JujuZQsf3yEkTYd0&s
image_69_gulli.png,gulli,https://encrypted-tbn0.gstatic.com/images?q=tbn:ANd9GcT9SePsGOrk1I1gnBXiuD7CD4a1IcAL9YhFcbjMc9VoxuKwAb6nw6Uq5V4NgSY&s
image_70_gulli.png,gulli,https://encrypted-tbn0.gstatic.com/images?q=tbn:ANd9GcR7mu0huQhoALyK4aioP6GGwusB0MyF6_B3a_t0rQERMXcxbVrOgk-ii5L_Lg&s
image_71_gulli.png,gulli,https://encrypted-tbn0.gstatic.com/images?q=tbn:ANd9GcQDHXikdbsEVPLdgPolslDsLyAKY3fLT_8Wqsu6b2SfAurkwZyyK6olaHnv9Ig&s
image_72_gulli.png,gulli,https://encrypted-tbn0.gstatic.com/images?q=tbn:ANd9GcQNxA7EjXskfmegHO-PN31GbhkCMMUxA5-4WKp4WPMOlvgREemE1kKFQvRnyPc&s
image_73_gulli.png,gulli,https://encrypted-tbn0.gstatic.com/images?q=tbn:ANd9GcSPaGgyzX-TBEmhCmitCs33YsiDQmikbMgaIcGH3spXk1WxS68VMxgmQxMJEd8&s
image_74_gulli.png,gulli,https://encrypted-tbn0.gstatic.com/images?q=tbn:ANd9GcREA1DFrLzrBwmMQUAa5Jfkc_5Cpf1VuNk01ntJ3HRmZBBpnkbV1XdjPipH1g&s
image_75_gulli.png,gulli,https://encrypted-tbn0.gstatic.com/images?q=tbn:ANd9GcTNEhNwND-VOwuio6zj4qrgkMaQO6VFcMM2_obBnGgOcfQB6tEYiCSlBxDAfQ&s
image_76_gulli.png,gulli,https://encrypted-tbn0.gstatic.com/images?q=tbn:ANd9GcSq0_HphMXPaoUkx4dYVmeKhY3PxJjrm4nTrnHzw9islK87xm2cEiHMxjdtCg&s
image_77_gulli.png,gulli,https://encrypted-tbn0.gstatic.com/images?q=tbn:ANd9GcRqjOsz2g7kZsLo0sIGNK9qTQyyhvUyxI3e_ARk0jPzwpSsjp4ZMJ4mMNGT-w&s
image_78_gulli.png,gulli,https://encrypted-tbn0.gstatic.com/images?q=tbn:ANd9GcSbyNCOHUG_wiZmuQ2eaB4lW7R0xersApDRF2eRKPkM2ozN9s22EyZ0hjVUBXc&s
image_79_gulli.png,gulli,https://encrypted-tbn0.gstatic.com/images?q=tbn:ANd9GcQkUltsRpfZWUIK8oGkYgfRW2uEpNKe66p2KahR7ZssGH7CC1yo-1w4Zl6hxA&s
